t,tau,beta,c,y0,dtau,dbeta,dc,dy0
200.1,4.992100041050593,0.6910392218606957,0.03392322239882719,1.0021288199990066,0.3961346730011973,0.03433586548523609,0.0014910318536618147,3.587851289272627e-05
600.3,5.4067689148931795,0.7510325005440902,0.032156256071577405,1.0021984971720124,0.3207200346125093,0.03168721141080248,0.0011167208712161718,2.9847188347072477e-05
1000.6,5.597824714458963,0.7491355842106944,0.03129419830349307,1.0022042612530107,0.3730405427985732,0.035428136199285636,0.001218503341665036,3.3292266299307366e-05
