t,tau,beta,c,y0,dtau,dbeta,dc,dy0
10.5,0.5934643928492002,0.7127660565192049,0.02398132703366484,1.0025707383603062,0.21728275165627534,0.1810546648447088,0.004945605808242615,0.0002272466972087183
