t,tau,beta,c,y0,dtau,dbeta,dc,dy0
66.0,2.6761349170973876,0.6904126277235604,0.022960922535882736,1.0024994385671049,0.172086797573873,0.028990666645108486,0.0008072698432050948,2.9850532231740695e-05
