t,tau,beta,c,y0,dtau,dbeta,dc,dy0
26.4,5.504129441546083,0.78031646114392,0.03156656246708584,1.0027026185501742,0.16382506528381696,0.02297405652163086,0.0006387267500234631,9.502820819357754e-05
