t,tau,beta,c,y0,dtau,dbeta,dc,dy0
55.0,3.788007084733981,0.6576464179583019,0.023735704774774852,1.0025593717096768,0.1945817356281529,0.021489635342370323,0.0006612021089277668,3.4395074546465584e-05
