t,tau,beta,c,y0,dtau,dbeta,dc,dy0
54.1,0.5487867056832102,0.7364043151755049,0.02034886005832369,1.0024670746835285,0.07399411769095558,0.06902054263820838,0.0015558919767541932,2.649691530239047e-05
