t,tau,beta,c,y0,dtau,dbeta,dc,dy0
63.8,2.0963474391422925,0.6109433413405324,0.02487989413462112,1.0024613298847473,0.15012296486712165,0.023789512181469408,0.0008982832990239377,2.765851404855449e-05
