t,tau,beta,c,y0,dtau,dbeta,dc,dy0
201.0,1.3452626634931908,0.5984333762948723,0.025949195223068097,1.0023206621162033,0.46719333450091377,0.10474809956159227,0.004446635674727141,5.233061982902139e-05
603.0,1.360246048069729,0.5515857171117284,0.02656484122864102,1.0022926945006907,0.37861505721853606,0.06846114462065253,0.0034557851439310358,3.922488765735997e-05
1005.0,1.2062184264872102,0.5271447981547488,0.028527200592497193,1.0023428418264102,0.40284744912538156,0.07317256070065849,0.004324392323523321,4.476256164692425e-05
