t,tau,beta,c,y0,dtau,dbeta,dc,dy0
16.4,1.9655741707239174,0.6903839544704367,0.02354630588032552,1.0025754444766344,0.13747606443383253,0.03599376193265543,0.0009622120510421892,8.242101948184347e-05
