t,tau,beta,c,y0,dtau,dbeta,dc,dy0
27.5,4.7780975960769485,0.7624399592278636,0.0066340476734277854,1.0032913024631398,0.2883366162975821,0.041768405675557556,0.0002584462130447262,3.154809945784224e-05
