t,tau,beta,c,y0,dtau,dbeta,dc,dy0
201.0,3.9448604188013907,0.725211840553964,0.0272666,1.0022243466310798,0.390680818239214,0.04927914796694754,0.0015160758869484769,3.7036160295714937e-05
603.0,3.8300774568668468,0.7117781036334392,0.0274395,1.002349065836415,0.34437014169264096,0.042678832829196836,0.001367597912638064,3.249161323624034e-05
1005.0,3.737007835782342,0.6944516960968408,0.0283194,1.0022771702730011,0.335122060145052,0.04001280039046121,0.0013844146500881238,3.197373471680935e-05
