t,tau,beta,c,y0,dtau,dbeta,dc,dy0
28.3,4.803336363460262,0.7599006730579543,0.028559656380458247,1.002497973348796,0.13584838487220816,0.01931029664750801,0.0005183761977156547,6.181139835914065e-05
