t,tau,beta,c,y0,dtau,dbeta,dc,dy0
0.2,3.6145354312101983,0.006436907113567511,0.12329967725545848,0.9866767164046227,5413438.752394095,2235.627420097321,42814.03892560824,15967.176193282205
