t,tau,beta,c,y0,dtau,dbeta,dc,dy0
201.0,5.129551646540549,0.7312016676669074,0.03330232152783631,1.0022542167111461,0.3675659004419615,0.03658485324507264,0.0013490604298731755,3.848748783280201e-05
603.0,5.29984568833638,0.7346153818428066,0.03301194261708554,1.0022262726634927,0.37129454873539564,0.03621016655061273,0.0013118517062339096,3.8238777482719124e-05
1005.0,5.075254868962665,0.7206367278354564,0.033559008129840806,1.0021557567934656,0.3302463511757247,0.032037885446859725,0.001222395611137946,3.4383412845614716e-05
